company_id,company_name,nse_code,sector,county_hq,fy_year,revenue_ksh_millions,fleet_size_vehicles,scope1_tco2e,s3_cat6_tco2e,s3_cat7_tco2e,total_tco2e,fy23_total_tco2e,yoy_change_pct,intensity_tco2e_per_ksh_m,uncertainty_pct_95ci,ci_low_tco2e,ci_high_tco2e,defra_ef_version,ipcc_gwp_version,ketraco_grid_ef,kenya_road_adj,tier_scope1,tier_s3c6,tier_s3c7,nse_compliant,xbrl_taxonomy,gri_305_aligned,consent_federated
NSE-0116,Manning-Anderson,HPR,Media,Machakos,2024,119040.19,43,14201.37,6049.41,3037.4,23288.18,20566.38,13.23,0.1956,8.0,21425.13,25151.23,DEFRA 2024,AR6 100-year,0.392,1.18,Tier 2,Tier 2,Tier 1,1,IFRS S2,1,1
NSE-0092,Adams Gallagher and Marshall,HYB,Insurance,Garissa,2024,69866.5,243,23199.05,5726.47,2813.68,31739.2,34535.07,-8.1,0.4543,8.39,29076.28,34402.12,DEFRA 2024,AR6 100-year,0.392,1.18,Tier 2,Tier 2,Tier 1,1,IFRS S2,1,1
NSE-0016,Bird-Whitehead,GZX,Insurance,Eldoret,2024,60503.51,231,19475.52,7163.87,5478.95,32118.34,34640.34,-7.28,0.5309,3.52,30987.77,33248.91,DEFRA 2024,AR6 100-year,0.392,1.18,Tier 2,Tier 2,Tier 1,1,IFRS S2,1,1
NSE-0058,Lees-Baxter,IFU,Construction,Nakuru,2024,17666.1,171,22127.03,3305.93,6201.64,31634.6,34514.44,-8.34,1.7907,3.52,30521.06,32748.14,DEFRA 2024,AR6 100-year,0.392,1.18,Tier 2,Tier 2,Tier 1,1,IFRS S2,1,0
NSE-0124,Thomas Ward and Shaw,XXO,Education,Kitui,2024,11759.84,145,9733.34,2651.52,1413.34,13798.2,12215.44,12.96,1.1733,6.61,12886.14,14710.26,DEFRA 2024,AR6 100-year,0.392,1.18,Tier 2,Tier 2,Tier 1,1,IFRS S2,1,0
NSE-0006,Austin Group,NLW,Hospitality,Kitui,2024,69482.05,218,3048.6,1024.27,774.29,4847.16,5171.04,-6.26,0.0698,3.16,4693.99,5000.33,DEFRA 2024,AR6 100-year,0.392,1.18,Tier 2,Tier 2,Tier 1,1,IFRS S2,1,1
NSE-0194,Martin-Smith,LLO,Education,Embu,2024,35097.11,115,18082.52,3393.35,1739.81,23215.68,25227.06,-7.97,0.6615,4.99,22057.22,24374.14,DEFRA 2024,AR6 100-year,0.392,1.18,Tier 2,Tier 2,Tier 1,1,IFRS S2,1,1
NSE-0197,King Group,PYB,Media,Thika,2024,16157.29,225,12440.58,2883.69,1581.53,16905.8,16513.96,2.37,1.0463,2.72,16445.96,17365.64,DEFRA 2024,AR6 100-year,0.392,1.18,Tier 2,Tier 2,Tier 1,1,IFRS S2,1,0
NSE-0089,Wilkins Hale and Watson,EXE,Real Estate,Thika,2024,66925.9,286,17833.85,4468.31,5953.5,28255.66,25297.51,11.69,0.4222,6.05,26546.19,29965.13,DEFRA 2024,AR6 100-year,0.392,1.18,Tier 2,Tier 2,Tier 1,1,IFRS S2,1,0
NSE-0186,Parkinson Gregory and Ahmed,IKV,Real Estate,Machakos,2024,887.8,109,3381.6,1271.61,883.44,5536.65,5969.93,-7.26,6.2364,6.17,5195.04,5878.26,DEFRA 2024,AR6 100-year,0.392,1.18,Tier 2,Tier 2,Tier 1,1,IFRS S2,1,0
NSE-0192,Evans Scott and Moss,JMC,Agriculture,Nakuru,2024,46620.36,191,2233.26,374.33,392.85,3000.44,3429.84,-12.52,0.0644,4.27,2872.32,3128.56,DEFRA 2024,AR6 100-year,0.392,1.18,Tier 2,Tier 2,Tier 1,1,IFRS S2,1,0
NSE-0169,White-Bond,LHU,Telecommunications,Eldoret,2024,45102.02,236,5434.61,2388.88,945.53,8769.02,7801.07,12.41,0.1944,7.53,8108.71,9429.33,DEFRA 2024,AR6 100-year,0.392,1.18,Tier 2,Tier 2,Tier 1,1,IFRS S2,1,0
NSE-0091,Lawson LLC,RXQ,Manufacturing,Meru,2024,86768.39,210,13268.98,4249.06,1843.72,19361.76,18951.39,2.17,0.2231,5.25,18345.27,20378.25,DEFRA 2024,AR6 100-year,0.392,1.18,Tier 2,Tier 2,Tier 1,1,IFRS S2,1,0
NSE-0081,Kelly Inc,RBS,Banking & Finance,Kisii,2024,116688.52,88,20295.15,8960.86,2115.93,31371.94,31513.53,-0.45,0.2689,3.47,30283.33,32460.55,DEFRA 2024,AR6 100-year,0.392,1.18,Tier 2,Tier 2,Tier 1,1,IFRS S2,1,1
NSE-0107,Taylor Group,NCU,Logistics,Mombasa,2024,57546.38,13,13939.14,3060.74,2016.29,19016.17,21004.88,-9.47,0.3304,4.21,18215.59,19816.75,DEFRA 2024,AR6 100-year,0.392,1.18,Tier 2,Tier 2,Tier 1,1,IFRS S2,1,1
NSE-0147,Parkin-Giles,GNZ,Telecommunications,Kisumu,2024,115764.39,193,23836.55,6881.04,4195.92,34913.51,36043.45,-3.13,0.3016,4.27,33422.7,36404.32,DEFRA 2024,AR6 100-year,0.392,1.18,Tier 2,Tier 2,Tier 1,1,IFRS S2,1,1
NSE-0189,Hill Inc,QNT,Logistics,Kisumu,2024,112417.29,36,17271.49,2173.63,3345.77,22790.89,25051.58,-9.02,0.2027,4.21,21831.39,23750.39,DEFRA 2024,AR6 100-year,0.392,1.18,Tier 2,Tier 2,Tier 1,1,IFRS S2,1,1
NSE-0119,Butler Ltd,PQY,Technology,Eldoret,2024,40141.9,164,24848.74,7007.52,7305.99,39162.25,39442.46,-0.71,0.9756,3.37,37842.48,40482.02,DEFRA 2024,AR6 100-year,0.392,1.18,Tier 2,Tier 2,Tier 1,1,IFRS S2,1,0
NSE-0045,Birch Hewitt and Thomas,MQV,Manufacturing,Nyeri,2024,67748.83,45,24891.65,6121.12,3171.8,34184.57,36171.29,-5.49,0.5046,5.56,32283.91,36085.23,DEFRA 2024,AR6 100-year,0.392,1.18,Tier 2,Tier 2,Tier 1,1,IFRS S2,1,1
NSE-0152,Walton-Wood,FWD,Telecommunications,Machakos,2024,76285.6,255,212.99,41.12,55.76,309.87,287.43,7.81,0.0041,4.61,295.58,324.16,DEFRA 2024,AR6 100-year,0.392,1.18,Tier 2,Tier 2,Tier 1,1,IFRS S2,1,0
NSE-0025,Rowe Inc,GNL,Education,Embu,2024,48402.9,135,12433.65,2372.75,1008.57,15814.97,17760.63,-10.95,0.3267,8.36,14492.84,17137.1,DEFRA 2024,AR6 100-year,0.392,1.18,Tier 2,Tier 2,Tier 1,1,IFRS S2,1,1
NSE-0057,Wallace-Lee,EZS,Retail & FMCG,Kakamega,2024,25284.59,16,7163.12,2694.92,1206.64,11064.68,9445.46,17.14,0.4376,7.37,10249.21,11880.15,DEFRA 2024,AR6 100-year,0.392,1.18,Tier 2,Tier 2,Tier 1,1,IFRS S2,1,0
NSE-0043,Wilson Inc,EWE,Real Estate,Kilifi,2024,66390.21,126,805.07,309.35,80.82,1195.24,1093.53,9.3,0.018,6.6,1116.35,1274.13,DEFRA 2024,AR6 100-year,0.392,1.18,Tier 2,Tier 2,Tier 1,1,IFRS S2,1,0
NSE-0128,Scott Bates and Begum,LBR,Technology,Kakamega,2024,35862.33,299,5412.77,1444.85,1552.97,8410.59,9519.8,-11.65,0.2345,8.08,7731.01,9090.17,DEFRA 2024,AR6 100-year,0.392,1.18,Tier 2,Tier 2,Tier 1,1,IFRS S2,1,1
NSE-0114,Potts Stevens and Roberts,TTS,Banking & Finance,Embu,2024,27048.0,111,16209.24,6639.31,3107.96,25956.51,29185.73,-11.06,0.9596,2.88,25208.96,26704.06,DEFRA 2024,AR6 100-year,0.392,1.18,Tier 2,Tier 2,Tier 1,1,IFRS S2,1,1
NSE-0120,Graham Barnes and West,QHQ,Energy & Petroleum,Eldoret,2024,90757.15,143,17717.53,6722.8,2533.55,26973.88,26829.21,0.54,0.2972,7.71,24894.19,29053.57,DEFRA 2024,AR6 100-year,0.392,1.18,Tier 2,Tier 2,Tier 1,1,IFRS S2,1,0
NSE-0198,Bell-Jackson,TAX,Technology,Kisumu,2024,114487.91,185,21076.29,5356.99,2171.35,28604.63,30922.21,-7.49,0.2498,4.31,27371.77,29837.49,DEFRA 2024,AR6 100-year,0.392,1.18,Tier 2,Tier 2,Tier 1,1,IFRS S2,1,1
NSE-0195,Young PLC,JDP,Banking & Finance,Nakuru,2024,28221.21,231,10598.75,1524.32,2491.5,14614.57,17062.48,-14.35,0.5179,4.34,13980.3,15248.84,DEFRA 2024,AR6 100-year,0.392,1.18,Tier 2,Tier 2,Tier 1,1,IFRS S2,1,0
NSE-0100,Watts Fraser and Kelly,WYU,Agriculture,Nakuru,2024,53705.92,193,3810.76,613.49,475.78,4900.03,4620.26,6.06,0.0912,4.21,4693.74,5106.32,DEFRA 2024,AR6 100-year,0.392,1.18,Tier 2,Tier 2,Tier 1,1,IFRS S2,1,0
NSE-0013,Jones Inc,AYM,Agriculture,Kakamega,2024,31919.16,219,20172.89,6563.72,4561.36,31297.97,29810.23,4.99,0.9805,3.58,30177.5,32418.44,DEFRA 2024,AR6 100-year,0.392,1.18,Tier 2,Tier 2,Tier 1,1,IFRS S2,1,0
NSE-0066,White Jarvis and Hughes,TFO,Agriculture,Eldoret,2024,10925.6,240,6911.6,2903.29,1585.9,11400.79,11550.77,-1.3,1.0435,2.98,11061.05,11740.53,DEFRA 2024,AR6 100-year,0.392,1.18,Tier 2,Tier 2,Tier 1,1,IFRS S2,1,0
NSE-0072,Noble Group,ASH,Telecommunications,Garissa,2024,97022.37,245,14772.78,5485.54,2200.58,22458.9,19885.39,12.94,0.2315,6.73,20947.42,23970.38,DEFRA 2024,AR6 100-year,0.392,1.18,Tier 2,Tier 2,Tier 1,1,IFRS S2,1,0
NSE-0132,Fraser Ltd,GLR,Agriculture,Nakuru,2024,5521.24,225,658.12,217.45,153.13,1028.7,1037.02,-0.8,0.1863,5.88,968.21,1089.19,DEFRA 2024,AR6 100-year,0.392,1.18,Tier 2,Tier 2,Tier 1,1,IFRS S2,1,1
NSE-0007,Wilson PLC,DPD,Agriculture,Kitui,2024,73448.86,25,24227.23,8739.36,4138.72,37105.31,32755.71,13.28,0.5052,5.47,35075.65,39134.97,DEFRA 2024,AR6 100-year,0.392,1.18,Tier 2,Tier 2,Tier 1,1,IFRS S2,1,1
NSE-0047,Wilson Jones and Moore,DCI,Real Estate,Thika,2024,119501.29,104,23352.9,3426.84,3257.45,30037.19,32118.87,-6.48,0.2514,7.5,27784.4,32289.98,DEFRA 2024,AR6 100-year,0.392,1.18,Tier 2,Tier 2,Tier 1,1,IFRS S2,1,0
NSE-0187,Jones Russell and Hall,LMD,Manufacturing,Kisumu,2024,115584.12,275,2396.07,752.42,415.58,3564.07,4196.41,-15.07,0.0308,4.18,3415.09,3713.05,DEFRA 2024,AR6 100-year,0.392,1.18,Tier 2,Tier 2,Tier 1,1,IFRS S2,1,0
NSE-0127,Skinner-Williams,QFK,Banking & Finance,Machakos,2024,23579.56,181,21440.05,10221.36,2984.74,34646.15,34808.42,-0.47,1.4693,6.81,32286.75,37005.55,DEFRA 2024,AR6 100-year,0.392,1.18,Tier 2,Tier 2,Tier 1,1,IFRS S2,1,1
NSE-0032,Berry-Jones,TFM,Healthcare,Meru,2024,61437.08,108,17297.03,6942.14,1682.83,25922.0,25413.19,2.0,0.4219,5.31,24545.54,27298.46,DEFRA 2024,AR6 100-year,0.392,1.18,Tier 2,Tier 2,Tier 1,1,IFRS S2,1,1
NSE-0118,Williams Hope and French,MPW,Retail & FMCG,Mombasa,2024,39184.49,130,11036.4,4138.82,1796.54,16971.76,15200.61,11.65,0.4331,2.93,16474.49,17469.03,DEFRA 2024,AR6 100-year,0.392,1.18,Tier 2,Tier 2,Tier 1,1,IFRS S2,1,0
NSE-0031,Stephenson Fuller and Storey,GOF,Retail & FMCG,Nyeri,2024,5482.26,39,15827.67,4015.04,1799.06,21641.77,25333.47,-14.57,3.9476,5.57,20436.32,22847.22,DEFRA 2024,AR6 100-year,0.392,1.18,Tier 2,Tier 2,Tier 1,1,IFRS S2,1,0
NSE-0111,Doyle PLC,TBQ,Logistics,Nakuru,2024,114619.31,205,18874.26,5079.58,4292.53,28246.37,25283.6,11.72,0.2464,6.68,26359.51,30133.23,DEFRA 2024,AR6 100-year,0.392,1.18,Tier 2,Tier 2,Tier 1,1,IFRS S2,1,1
NSE-0083,Warren Barker and Welch,HQL,Logistics,Garissa,2024,59773.58,61,5390.1,1077.25,731.58,7198.93,7163.17,0.5,0.1204,8.09,6616.54,7781.32,DEFRA 2024,AR6 100-year,0.392,1.18,Tier 2,Tier 2,Tier 1,1,IFRS S2,1,0
NSE-0103,Smith Lewis and Willis,LFA,Hospitality,Kakamega,2024,34093.05,200,22196.39,5695.72,6724.78,34616.89,36267.31,-4.55,1.0154,6.93,32217.94,37015.84,DEFRA 2024,AR6 100-year,0.392,1.18,Tier 2,Tier 2,Tier 1,1,IFRS S2,1,1
NSE-0166,Stokes Ltd,KHO,Construction,Kitui,2024,844.4,14,19594.3,5778.98,2138.59,27511.87,29369.36,-6.32,32.5816,5.22,26075.75,28947.99,DEFRA 2024,AR6 100-year,0.392,1.18,Tier 2,Tier 2,Tier 1,1,IFRS S2,1,1
NSE-0012,Adams Rhodes and Jones,SNV,Education,Machakos,2024,34539.49,275,9847.07,1510.4,1287.66,12645.13,13634.18,-7.25,0.3661,6.57,11814.34,13475.92,DEFRA 2024,AR6 100-year,0.392,1.18,Tier 2,Tier 2,Tier 1,1,IFRS S2,1,0
NSE-0077,Greenwood and Sons,SVC,Insurance,Kilifi,2024,72493.1,61,19298.72,3903.22,5332.0,28533.94,32348.95,-11.79,0.3936,6.49,26682.09,30385.79,DEFRA 2024,AR6 100-year,0.392,1.18,Tier 2,Tier 2,Tier 1,1,IFRS S2,1,1
NSE-0054,Thomas Ali and Hopkins,UWH,Agriculture,Kisumu,2024,71806.7,165,7198.61,2697.68,620.0,10516.29,10412.11,1.0,0.1465,7.37,9741.24,11291.34,DEFRA 2024,AR6 100-year,0.392,1.18,Tier 2,Tier 2,Tier 1,1,IFRS S2,1,0
NSE-0139,Williams Davies and Bradley,NRU,Logistics,Eldoret,2024,41513.31,91,5926.24,1645.65,880.88,8452.77,7251.98,16.56,0.2036,7.83,7790.92,9114.62,DEFRA 2024,AR6 100-year,0.392,1.18,Tier 2,Tier 2,Tier 1,1,IFRS S2,1,0
NSE-0200,McLean-Hussain,SWF,Education,Embu,2024,42162.22,297,14028.07,6223.83,2400.7,22652.6,22966.46,-1.37,0.5373,7.1,21044.27,24260.93,DEFRA 2024,AR6 100-year,0.392,1.18,Tier 2,Tier 2,Tier 1,1,IFRS S2,1,1
NSE-0019,Elliott-Jones,FXE,Agriculture,Machakos,2024,103921.48,236,18227.84,7830.23,5912.46,31970.53,35236.56,-9.27,0.3076,8.31,29313.78,34627.28,DEFRA 2024,AR6 100-year,0.392,1.18,Tier 2,Tier 2,Tier 1,1,IFRS S2,1,1
NSE-0164,Allen and Sons,GNW,Logistics,Embu,2024,4735.25,143,7762.05,1623.7,900.92,10286.67,11165.08,-7.87,2.1724,3.14,9963.67,10609.67,DEFRA 2024,AR6 100-year,0.392,1.18,Tier 2,Tier 2,Tier 1,1,IFRS S2,1,1
NSE-0150,Thorpe-Davies,TOA,Logistics,Machakos,2024,58026.87,17,1833.51,389.04,596.96,2819.51,2743.14,2.78,0.0486,4.33,2697.43,2941.59,DEFRA 2024,AR6 100-year,0.392,1.18,Tier 2,Tier 2,Tier 1,1,IFRS S2,1,1
NSE-0085,Ali-Johnson,NPW,Insurance,Eldoret,2024,114584.08,265,592.65,148.26,89.11,830.02,863.2,-3.84,0.0072,7.57,767.19,892.85,DEFRA 2024,AR6 100-year,0.392,1.18,Tier 2,Tier 2,Tier 1,1,IFRS S2,1,1
NSE-0134,Russell-Weston,UTH,Logistics,Nyeri,2024,69635.26,143,15110.0,3921.95,3452.7,22484.65,26292.49,-14.48,0.3229,6.87,20939.95,24029.35,DEFRA 2024,AR6 100-year,0.392,1.18,Tier 2,Tier 2,Tier 1,1,IFRS S2,1,0
NSE-0171,Watkins Inc,PJN,Real Estate,Meru,2024,35431.32,89,13759.54,2671.95,1605.31,18036.8,17273.27,4.42,0.5091,6.82,16806.69,19266.91,DEFRA 2024,AR6 100-year,0.392,1.18,Tier 2,Tier 2,Tier 1,1,IFRS S2,1,1
NSE-0190,Tyler Hall and Griffiths,OPV,Real Estate,Mombasa,2024,35202.95,65,21027.7,8166.65,4310.85,33505.2,39081.13,-14.27,0.9518,7.08,31133.03,35877.37,DEFRA 2024,AR6 100-year,0.392,1.18,Tier 2,Tier 2,Tier 1,1,IFRS S2,1,0
NSE-0053,Harris and Sons,SDC,Education,Kakamega,2024,65767.96,177,22699.71,8668.06,5099.0,36466.77,34702.4,5.08,0.5545,7.02,33906.8,39026.74,DEFRA 2024,AR6 100-year,0.392,1.18,Tier 2,Tier 2,Tier 1,1,IFRS S2,1,0
NSE-0105,Jackson Riley and Lee,UOS,Agriculture,Eldoret,2024,45093.09,200,18542.91,6710.36,5523.63,30776.9,30744.09,0.11,0.6825,5.29,29148.8,32405.0,DEFRA 2024,AR6 100-year,0.392,1.18,Tier 2,Tier 2,Tier 1,1,IFRS S2,1,1
NSE-0046,Hughes Hancock and Porter,FRT,Energy & Petroleum,Kilifi,2024,99426.87,125,23214.83,10454.84,7760.0,41429.67,42724.43,-3.03,0.4167,2.6,40352.5,42506.84,DEFRA 2024,AR6 100-year,0.392,1.18,Tier 2,Tier 2,Tier 1,1,IFRS S2,1,0
NSE-0115,Ross Dunn and Lewis,HNX,Hospitality,Kakamega,2024,10228.35,16,9921.41,3939.4,1524.28,15385.09,14909.07,3.19,1.5042,5.93,14472.75,16297.43,DEFRA 2024,AR6 100-year,0.392,1.18,Tier 2,Tier 2,Tier 1,1,IFRS S2,1,0
NSE-0042,Ellis Brown and Roberts,SOS,Insurance,Kisumu,2024,20511.01,122,10368.59,3673.15,1475.63,15517.37,17202.08,-9.79,0.7565,3.34,14999.09,16035.65,DEFRA 2024,AR6 100-year,0.392,1.18,Tier 2,Tier 2,Tier 1,1,IFRS S2,1,1
NSE-0024,Hudson-Powell,WYJ,Technology,Nakuru,2024,105565.33,67,13364.67,5826.13,2294.64,21485.44,23549.34,-8.76,0.2035,3.16,20806.5,22164.38,DEFRA 2024,AR6 100-year,0.392,1.18,Tier 2,Tier 2,Tier 1,1,IFRS S2,1,0
NSE-0161,Burke-Ali,UFP,Manufacturing,Nyeri,2024,51857.06,113,20355.72,5507.71,5992.8,31856.23,27916.75,14.11,0.6143,3.54,30728.52,32983.94,DEFRA 2024,AR6 100-year,0.392,1.18,Tier 2,Tier 2,Tier 1,1,IFRS S2,1,1
NSE-0172,Hicks-McKenzie,AIV,Technology,Garissa,2024,15513.29,170,18184.81,4647.55,3432.9,26265.26,28843.98,-8.94,1.6931,2.9,25503.57,27026.95,DEFRA 2024,AR6 100-year,0.392,1.18,Tier 2,Tier 2,Tier 1,1,IFRS S2,1,0
NSE-0173,Gibson Inc,MGC,Retail & FMCG,Kitui,2024,97336.46,245,11547.75,2782.71,3863.12,18193.58,18016.58,0.98,0.1869,8.09,16721.72,19665.44,DEFRA 2024,AR6 100-year,0.392,1.18,Tier 2,Tier 2,Tier 1,1,IFRS S2,1,0
NSE-0170,Archer Group,ZSS,Construction,Meru,2024,101954.44,64,18533.31,7063.98,5559.99,31157.28,33227.54,-6.23,0.3056,7.67,28767.52,33547.04,DEFRA 2024,AR6 100-year,0.392,1.18,Tier 2,Tier 2,Tier 1,1,IFRS S2,1,0
NSE-0178,Brennan Thompson and Powell,KAR,Real Estate,Kilifi,2024,3920.62,66,24356.46,8276.23,2601.21,35233.9,36489.74,-3.44,8.9868,4.39,33687.13,36780.67,DEFRA 2024,AR6 100-year,0.392,1.18,Tier 2,Tier 2,Tier 1,1,IFRS S2,1,0
NSE-0143,Mitchell Thomas and Morrison,LKY,Telecommunications,Thika,2024,30672.44,206,21503.17,9222.76,7417.54,38143.47,41632.65,-8.38,1.2436,8.33,34966.12,41320.82,DEFRA 2024,AR6 100-year,0.392,1.18,Tier 2,Tier 2,Tier 1,1,IFRS S2,1,0
NSE-0095,Turner Ltd,TAA,Telecommunications,Nyeri,2024,89587.83,44,21463.49,10727.77,4252.07,36443.33,37413.53,-2.59,0.4068,4.96,34635.74,38250.92,DEFRA 2024,AR6 100-year,0.392,1.18,Tier 2,Tier 2,Tier 1,1,IFRS S2,1,0
NSE-0051,Hall Inc,VGR,Construction,Machakos,2024,117041.97,97,16080.33,1989.34,4944.69,23014.36,25881.76,-11.08,0.1966,4.55,21967.21,24061.51,DEFRA 2024,AR6 100-year,0.392,1.18,Tier 2,Tier 2,Tier 1,1,IFRS S2,1,0
NSE-0129,Holmes and Sons,EHS,Retail & FMCG,Nyeri,2024,19498.11,252,14416.21,3383.52,3432.85,21232.58,19700.82,7.78,1.089,4.4,20298.35,22166.81,DEFRA 2024,AR6 100-year,0.392,1.18,Tier 2,Tier 2,Tier 1,1,IFRS S2,1,0
NSE-0040,Ali Group,VGO,Retail & FMCG,Mombasa,2024,95029.3,28,9480.96,3586.12,2029.75,15096.83,14131.19,6.83,0.1589,7.39,13981.17,16212.49,DEFRA 2024,AR6 100-year,0.392,1.18,Tier 2,Tier 2,Tier 1,1,IFRS S2,1,1
NSE-0060,Thornton-Nixon,YJT,Energy & Petroleum,Embu,2024,36294.8,19,3527.05,1497.02,630.65,5654.72,6559.02,-13.79,0.1558,6.37,5294.51,6014.93,DEFRA 2024,AR6 100-year,0.392,1.18,Tier 2,Tier 2,Tier 1,1,IFRS S2,1,0
NSE-0121,Farmer Inc,DBV,Media,Mombasa,2024,27620.42,52,7611.02,1745.88,1711.92,11068.82,12108.7,-8.59,0.4007,7.96,10187.74,11949.9,DEFRA 2024,AR6 100-year,0.392,1.18,Tier 2,Tier 2,Tier 1,1,IFRS S2,1,0
NSE-0108,Dyer Inc,PAI,Manufacturing,Kitui,2024,83583.45,277,7640.7,2798.45,630.83,11069.98,10052.77,10.12,0.1324,4.69,10550.8,11589.16,DEFRA 2024,AR6 100-year,0.392,1.18,Tier 2,Tier 2,Tier 1,1,IFRS S2,1,0
NSE-0163,Taylor-Wright,GDJ,Real Estate,Garissa,2024,100695.75,30,21710.38,4946.33,7198.38,33855.09,33701.08,0.46,0.3362,5.69,31928.74,35781.44,DEFRA 2024,AR6 100-year,0.392,1.18,Tier 2,Tier 2,Tier 1,1,IFRS S2,1,0
NSE-0125,Marsh Parkinson and Fraser,PCS,Agriculture,Garissa,2024,43016.54,139,4326.48,1225.11,1037.1,6588.69,5923.4,11.23,0.1532,4.46,6294.83,6882.55,DEFRA 2024,AR6 100-year,0.392,1.18,Tier 2,Tier 2,Tier 1,1,IFRS S2,1,1
NSE-0010,Cooper Doyle and Simmons,CTM,Healthcare,Thika,2024,48784.52,227,10594.67,2801.67,1153.54,14549.88,13652.8,6.57,0.2982,8.21,13355.33,15744.43,DEFRA 2024,AR6 100-year,0.392,1.18,Tier 2,Tier 2,Tier 1,1,IFRS S2,1,1
NSE-0075,Roberts Walker and Manning,AQG,Manufacturing,Nairobi,2024,19498.98,299,14641.2,6855.83,1313.5,22810.53,26437.35,-13.72,1.1698,6.57,21311.88,24309.18,DEFRA 2024,AR6 100-year,0.392,1.18,Tier 2,Tier 2,Tier 1,1,IFRS S2,1,0
NSE-0199,Brookes Nicholls and Read,XYL,Telecommunications,Kisii,2024,98553.23,122,16807.2,2120.0,2332.46,21259.66,19720.16,7.81,0.2157,5.27,20139.28,22380.04,DEFRA 2024,AR6 100-year,0.392,1.18,Tier 2,Tier 2,Tier 1,1,IFRS S2,1,0
NSE-0063,Hill Norman and Lee,HFF,Real Estate,Nairobi,2024,20206.15,112,3654.46,1068.08,622.32,5344.86,6301.91,-15.19,0.2645,6.03,5022.56,5667.16,DEFRA 2024,AR6 100-year,0.392,1.18,Tier 2,Tier 2,Tier 1,1,IFRS S2,1,0
NSE-0175,Clarke Patel and Robertson,NPV,Real Estate,Meru,2024,47438.06,211,3686.45,1834.53,807.94,6328.92,6198.17,2.11,0.1334,5.39,5987.79,6670.05,DEFRA 2024,AR6 100-year,0.392,1.18,Tier 2,Tier 2,Tier 1,1,IFRS S2,1,1
NSE-0167,Carr LLC,AST,Insurance,Nakuru,2024,77183.59,75,15338.99,5676.96,5277.96,26293.91,30757.68,-14.51,0.3407,7.82,24237.73,28350.09,DEFRA 2024,AR6 100-year,0.392,1.18,Tier 2,Tier 2,Tier 1,1,IFRS S2,1,1
NSE-0123,Newton Knight and Warren,OSS,Agriculture,Thika,2024,91330.85,150,16870.69,7998.48,3354.1,28223.27,27247.49,3.58,0.309,2.88,27410.44,29036.1,DEFRA 2024,AR6 100-year,0.392,1.18,Tier 2,Tier 2,Tier 1,1,IFRS S2,1,0
NSE-0142,Chapman Group,FEV,Insurance,Thika,2024,59908.15,22,23882.21,4596.68,3528.73,32007.62,31125.79,2.83,0.5343,3.95,30743.32,33271.92,DEFRA 2024,AR6 100-year,0.392,1.18,Tier 2,Tier 2,Tier 1,1,IFRS S2,1,0
NSE-0082,Hughes-Frost,TLN,Energy & Petroleum,Mombasa,2024,68713.22,39,14711.78,4737.6,1912.8,21362.18,21508.69,-0.68,0.3109,8.22,19606.21,23118.15,DEFRA 2024,AR6 100-year,0.392,1.18,Tier 2,Tier 2,Tier 1,1,IFRS S2,1,1
NSE-0011,Birch PLC,BMO,Retail & FMCG,Kitui,2024,80626.14,68,7753.62,2460.01,2619.27,12832.9,12215.88,5.05,0.1592,7.42,11880.7,13785.1,DEFRA 2024,AR6 100-year,0.392,1.18,Tier 2,Tier 2,Tier 1,1,IFRS S2,1,0
NSE-0064,Wright Baxter and Johnson,UQS,Healthcare,Kakamega,2024,40753.92,115,19126.98,7936.95,6346.55,33410.48,33197.23,0.64,0.8198,3.35,32291.23,34529.73,DEFRA 2024,AR6 100-year,0.392,1.18,Tier 2,Tier 2,Tier 1,1,IFRS S2,1,0
NSE-0177,Bull Ltd,FTR,Logistics,Kilifi,2024,90697.23,128,2177.63,550.11,253.71,2981.45,3188.72,-6.5,0.0329,2.9,2894.99,3067.91,DEFRA 2024,AR6 100-year,0.392,1.18,Tier 2,Tier 2,Tier 1,1,IFRS S2,1,1
NSE-0101,Barker Harris and Crawford,UVK,Logistics,Meru,2024,14173.46,194,5527.57,2620.31,786.0,8933.88,9175.09,-2.63,0.6303,7.22,8288.85,9578.91,DEFRA 2024,AR6 100-year,0.392,1.18,Tier 2,Tier 2,Tier 1,1,IFRS S2,1,1
NSE-0137,Hunter Bailey and Turner,CKF,Energy & Petroleum,Meru,2024,64897.39,236,18641.53,4693.6,5929.75,29264.88,33677.49,-13.1,0.4509,6.71,27301.21,31228.55,DEFRA 2024,AR6 100-year,0.392,1.18,Tier 2,Tier 2,Tier 1,1,IFRS S2,1,1
NSE-0188,Miller LLC,KTQ,Telecommunications,Kakamega,2024,43161.61,287,7792.49,1569.14,2552.06,11913.69,12831.42,-7.15,0.276,7.74,10991.57,12835.81,DEFRA 2024,AR6 100-year,0.392,1.18,Tier 2,Tier 2,Tier 1,1,IFRS S2,1,0
NSE-0130,Price-Allen,WBP,Logistics,Nyeri,2024,32222.64,15,14019.92,4855.89,2058.78,20934.59,22884.09,-8.52,0.6497,4.89,19910.89,21958.29,DEFRA 2024,AR6 100-year,0.392,1.18,Tier 2,Tier 2,Tier 1,1,IFRS S2,1,0
NSE-0017,Turner Jenkins and Cook,ALH,Technology,Embu,2024,82956.5,30,18160.39,8698.88,5315.5,32174.77,35915.32,-10.41,0.3879,5.27,30479.16,33870.38,DEFRA 2024,AR6 100-year,0.392,1.18,Tier 2,Tier 2,Tier 1,1,IFRS S2,1,1
NSE-0073,Marshall Ltd,ZMY,Media,Nyeri,2024,29738.05,214,17703.01,3980.44,4127.82,25811.27,28479.07,-9.37,0.868,5.77,24321.96,27300.58,DEFRA 2024,AR6 100-year,0.392,1.18,Tier 2,Tier 2,Tier 1,1,IFRS S2,1,1
NSE-0148,Farrell PLC,YZE,Retail & FMCG,Meru,2024,44705.88,110,23737.65,5004.43,1979.61,30721.69,29172.11,5.31,0.6872,6.46,28737.07,32706.31,DEFRA 2024,AR6 100-year,0.392,1.18,Tier 2,Tier 2,Tier 1,1,IFRS S2,1,0
NSE-0055,Newton LLC,VJV,Retail & FMCG,Kitui,2024,10690.17,232,10824.26,4175.75,1134.16,16134.17,18248.5,-11.59,1.5093,7.6,14907.97,17360.37,DEFRA 2024,AR6 100-year,0.392,1.18,Tier 2,Tier 2,Tier 1,1,IFRS S2,1,0
NSE-0001,Wilson Inc,UXX,Banking & Finance,Nakuru,2024,30477.83,243,13023.34,6211.58,2553.55,21788.47,23080.51,-5.6,0.7149,4.57,20792.74,22784.2,DEFRA 2024,AR6 100-year,0.392,1.18,Tier 2,Tier 2,Tier 1,1,IFRS S2,1,1
NSE-0099,Clarke-Schofield,BYU,Manufacturing,Thika,2024,57466.85,64,12647.49,3100.59,1552.71,17300.79,16632.18,4.02,0.3011,4.35,16548.21,18053.37,DEFRA 2024,AR6 100-year,0.392,1.18,Tier 2,Tier 2,Tier 1,1,IFRS S2,1,1
NSE-0151,Ingram LLC,HVK,Retail & FMCG,Kilifi,2024,83094.74,188,5926.25,1490.45,747.76,8164.46,9609.51,-15.04,0.0983,6.96,7596.21,8732.71,DEFRA 2024,AR6 100-year,0.392,1.18,Tier 2,Tier 2,Tier 1,1,IFRS S2,1,1
NSE-0093,Saunders Ltd,BPO,Banking & Finance,Kisumu,2024,75253.73,297,24876.33,8991.48,2638.64,36506.45,42120.26,-13.33,0.4851,7.09,33918.14,39094.76,DEFRA 2024,AR6 100-year,0.392,1.18,Tier 2,Tier 2,Tier 1,1,IFRS S2,1,0
NSE-0156,Hunter-Mason,DKH,Agriculture,Nyeri,2024,27220.39,54,22678.73,7862.24,6220.88,36761.85,41159.51,-10.68,1.3505,6.66,34313.51,39210.19,DEFRA 2024,AR6 100-year,0.392,1.18,Tier 2,Tier 2,Tier 1,1,IFRS S2,1,0
NSE-0005,Stone and Sons,RVK,Technology,Kilifi,2024,14186.19,192,20070.69,9550.91,2496.44,32118.04,28902.75,11.12,2.264,7.05,29853.72,34382.36,DEFRA 2024,AR6 100-year,0.392,1.18,Tier 2,Tier 2,Tier 1,1,IFRS S2,1,0
NSE-0168,Barker and Sons,KGK,Media,Eldoret,2024,50815.96,80,23934.29,3994.96,2690.72,30619.97,29592.78,3.47,0.6026,2.68,29799.35,31440.59,DEFRA 2024,AR6 100-year,0.392,1.18,Tier 2,Tier 2,Tier 1,1,IFRS S2,1,0
NSE-0126,Dawson PLC,HLF,Healthcare,Garissa,2024,91555.82,293,11668.62,2867.68,3514.97,18051.27,15465.07,16.72,0.1972,7.81,16641.47,19461.07,DEFRA 2024,AR6 100-year,0.392,1.18,Tier 2,Tier 2,Tier 1,1,IFRS S2,1,0
NSE-0098,Jones Harris and Edwards,FMH,Manufacturing,Eldoret,2024,111970.01,42,2724.62,1349.68,724.53,4798.83,4682.71,2.48,0.0429,3.1,4650.07,4947.59,DEFRA 2024,AR6 100-year,0.392,1.18,Tier 2,Tier 2,Tier 1,1,IFRS S2,1,0
NSE-0154,Little Collins and Morrison,HAJ,Education,Nyeri,2024,111325.9,149,24378.43,3321.07,2746.28,30445.78,33467.98,-9.03,0.2735,7.22,28247.59,32643.97,DEFRA 2024,AR6 100-year,0.392,1.18,Tier 2,Tier 2,Tier 1,1,IFRS S2,1,1
NSE-0009,Holden-Martin,ITA,Logistics,Kisii,2024,78697.53,153,18508.54,6686.91,3278.26,28473.71,29124.4,-2.23,0.3618,8.28,26116.09,30831.33,DEFRA 2024,AR6 100-year,0.392,1.18,Tier 2,Tier 2,Tier 1,1,IFRS S2,1,0
NSE-0084,Allan PLC,TQT,Media,Mombasa,2024,24179.81,120,4020.14,956.49,329.12,5305.75,5457.58,-2.78,0.2194,5.13,5033.57,5577.93,DEFRA 2024,AR6 100-year,0.392,1.18,Tier 2,Tier 2,Tier 1,1,IFRS S2,1,1
NSE-0160,Dean-Simpson,KYV,Technology,Garissa,2024,69731.65,143,3023.77,882.19,567.85,4473.81,3979.29,12.43,0.0642,7.72,4128.43,4819.19,DEFRA 2024,AR6 100-year,0.392,1.18,Tier 2,Tier 2,Tier 1,1,IFRS S2,1,1
NSE-0086,James Inc,AWC,Education,Kisumu,2024,44001.77,117,19306.28,3421.92,3584.49,26312.69,22506.52,16.91,0.598,3.92,25281.23,27344.15,DEFRA 2024,AR6 100-year,0.392,1.18,Tier 2,Tier 2,Tier 1,1,IFRS S2,1,0
NSE-0087,Cartwright Green and Clarke,TDW,Media,Machakos,2024,30904.31,189,4188.2,1058.52,1333.14,6579.86,6446.55,2.07,0.2129,6.61,6144.93,7014.79,DEFRA 2024,AR6 100-year,0.392,1.18,Tier 2,Tier 2,Tier 1,1,IFRS S2,1,0
NSE-0014,Gibson Clements and Rose,LKF,Agriculture,Nyeri,2024,50722.96,151,17822.79,2814.62,4617.27,25254.68,23252.48,8.61,0.4979,2.89,24524.82,25984.54,DEFRA 2024,AR6 100-year,0.392,1.18,Tier 2,Tier 2,Tier 1,1,IFRS S2,1,1
NSE-0035,Hughes Power and Thomas,GDI,Construction,Machakos,2024,31969.66,171,10001.94,1437.46,961.99,12401.39,11625.49,6.67,0.3879,3.69,11943.78,12859.0,DEFRA 2024,AR6 100-year,0.392,1.18,Tier 2,Tier 2,Tier 1,1,IFRS S2,1,0
NSE-0174,Hill Mistry and Brooks,UOK,Banking & Finance,Kilifi,2024,106316.23,104,23153.86,5266.53,7813.42,36233.81,31663.36,14.43,0.3408,6.33,33940.21,38527.41,DEFRA 2024,AR6 100-year,0.392,1.18,Tier 2,Tier 2,Tier 1,1,IFRS S2,1,0
NSE-0094,Edwards Bond and McKenzie,MQB,Energy & Petroleum,Kilifi,2024,111199.81,24,17107.96,7978.7,1889.77,26976.43,25132.66,7.34,0.2426,7.16,25044.92,28907.94,DEFRA 2024,AR6 100-year,0.392,1.18,Tier 2,Tier 2,Tier 1,1,IFRS S2,1,1
NSE-0181,Wood Inc,EVH,Hospitality,Machakos,2024,32474.53,39,15191.28,5605.0,2020.73,22817.01,22435.13,1.7,0.7026,3.65,21984.19,23649.83,DEFRA 2024,AR6 100-year,0.392,1.18,Tier 2,Tier 2,Tier 1,1,IFRS S2,1,0
NSE-0034,Hall LLC,RNU,Healthcare,Eldoret,2024,56127.65,266,1515.09,259.23,228.19,2002.51,2232.04,-10.28,0.0357,2.57,1951.05,2053.97,DEFRA 2024,AR6 100-year,0.392,1.18,Tier 2,Tier 2,Tier 1,1,IFRS S2,1,1
NSE-0022,Fox Wright and Bryan,VKF,Agriculture,Meru,2024,25485.53,263,9342.89,4659.86,2916.05,16918.8,15260.5,10.87,0.6639,8.12,15544.99,18292.61,DEFRA 2024,AR6 100-year,0.392,1.18,Tier 2,Tier 2,Tier 1,1,IFRS S2,1,1
NSE-0133,Wilson-Marsh,TEE,Manufacturing,Mombasa,2024,59480.54,245,11215.07,5393.82,2451.72,19060.61,22166.74,-14.01,0.3205,6.86,17753.05,20368.17,DEFRA 2024,AR6 100-year,0.392,1.18,Tier 2,Tier 2,Tier 1,1,IFRS S2,1,1
NSE-0191,Cole Ltd,SVM,Construction,Thika,2024,110384.56,53,21830.37,9453.62,4243.13,35527.12,34159.82,4.0,0.3218,3.74,34198.41,36855.83,DEFRA 2024,AR6 100-year,0.392,1.18,Tier 2,Tier 2,Tier 1,1,IFRS S2,1,1
NSE-0088,Young-Gardner,ONY,Energy & Petroleum,Kakamega,2024,73925.88,136,22031.91,7454.43,4997.62,34483.96,35187.1,-2.0,0.4665,2.77,33528.75,35439.17,DEFRA 2024,AR6 100-year,0.392,1.18,Tier 2,Tier 2,Tier 1,1,IFRS S2,1,1
NSE-0122,White-Daly,RSG,Agriculture,Nairobi,2024,43218.81,192,12479.17,2713.88,1371.36,16564.41,18454.17,-10.24,0.3833,7.72,15285.64,17843.18,DEFRA 2024,AR6 100-year,0.392,1.18,Tier 2,Tier 2,Tier 1,1,IFRS S2,1,0
NSE-0109,Gill Ltd,WZN,Logistics,Garissa,2024,3789.05,73,8836.73,1458.15,3060.33,13355.21,15444.7,-13.53,3.5247,7.79,12314.84,14395.58,DEFRA 2024,AR6 100-year,0.392,1.18,Tier 2,Tier 2,Tier 1,1,IFRS S2,1,0
NSE-0104,Green-Clayton,YEA,Real Estate,Machakos,2024,66993.27,292,6990.03,2151.32,841.64,9982.99,10310.05,-3.17,0.149,6.09,9375.03,10590.95,DEFRA 2024,AR6 100-year,0.392,1.18,Tier 2,Tier 2,Tier 1,1,IFRS S2,1,0
NSE-0146,Moore-Kay,PXO,Energy & Petroleum,Kisumu,2024,86767.62,25,7930.63,3459.8,2284.86,13675.29,14387.01,-4.95,0.1576,2.83,13288.28,14062.3,DEFRA 2024,AR6 100-year,0.392,1.18,Tier 2,Tier 2,Tier 1,1,IFRS S2,1,1
NSE-0038,Bruce Ltd,TZP,Logistics,Meru,2024,99607.96,190,5646.0,2813.61,1527.45,9987.06,10126.93,-1.38,0.1003,3.11,9676.46,10297.66,DEFRA 2024,AR6 100-year,0.392,1.18,Tier 2,Tier 2,Tier 1,1,IFRS S2,1,1
NSE-0159,Armstrong and Sons,OBG,Hospitality,Eldoret,2024,114007.59,122,1238.17,533.17,380.66,2152.0,2303.04,-6.56,0.0189,3.2,2083.14,2220.86,DEFRA 2024,AR6 100-year,0.392,1.18,Tier 2,Tier 2,Tier 1,1,IFRS S2,1,0
NSE-0070,Williams Baker and Davies,NQQ,Media,Embu,2024,107875.13,76,18307.07,3690.73,5294.66,27292.46,28071.62,-2.78,0.253,4.21,26143.45,28441.47,DEFRA 2024,AR6 100-year,0.392,1.18,Tier 2,Tier 2,Tier 1,1,IFRS S2,1,1
NSE-0090,Gardner-Gray,EYT,Energy & Petroleum,Nakuru,2024,74624.3,240,23254.34,7818.55,6317.66,37390.55,35840.17,4.33,0.5011,5.68,35266.77,39514.33,DEFRA 2024,AR6 100-year,0.392,1.18,Tier 2,Tier 2,Tier 1,1,IFRS S2,1,0
NSE-0003,Hunt Brown and Godfrey,GRT,Hospitality,Kitui,2024,11801.35,148,20473.9,7578.13,5544.72,33596.75,34592.68,-2.88,2.8469,8.18,30848.54,36344.96,DEFRA 2024,AR6 100-year,0.392,1.18,Tier 2,Tier 2,Tier 1,1,IFRS S2,1,1
NSE-0020,Jones Fraser and Daly,RUN,Logistics,Nyeri,2024,2559.01,55,1009.26,429.67,251.39,1690.32,1867.63,-9.49,0.6605,5.95,1589.75,1790.89,DEFRA 2024,AR6 100-year,0.392,1.18,Tier 2,Tier 2,Tier 1,1,IFRS S2,1,0
NSE-0068,Singh-Clark,JGV,Insurance,Garissa,2024,99286.31,143,16160.72,6887.53,2398.28,25446.53,23044.82,10.42,0.2563,4.93,24192.02,26701.04,DEFRA 2024,AR6 100-year,0.392,1.18,Tier 2,Tier 2,Tier 1,1,IFRS S2,1,0
NSE-0176,Fox Ltd,PRT,Banking & Finance,Thika,2024,10534.66,215,19541.14,6523.12,4471.99,30536.25,31214.61,-2.17,2.8986,5.65,28810.95,32261.55,DEFRA 2024,AR6 100-year,0.392,1.18,Tier 2,Tier 2,Tier 1,1,IFRS S2,1,1
NSE-0052,Oliver-Reed,PUH,Hospitality,Eldoret,2024,88929.54,196,11004.47,3579.84,2958.62,17542.93,15526.19,12.99,0.1973,4.14,16816.65,18269.21,DEFRA 2024,AR6 100-year,0.392,1.18,Tier 2,Tier 2,Tier 1,1,IFRS S2,1,0
NSE-0079,Glover LLC,OBO,Energy & Petroleum,Thika,2024,117612.88,85,9469.95,1792.53,1070.7,12333.18,11068.26,11.43,0.1049,5.28,11681.99,12984.37,DEFRA 2024,AR6 100-year,0.392,1.18,Tier 2,Tier 2,Tier 1,1,IFRS S2,1,1
NSE-0044,Donnelly Williams and Howard,ZLC,Banking & Finance,Eldoret,2024,100467.29,150,15264.58,4550.96,3938.14,23753.68,22036.05,7.79,0.2364,5.15,22530.37,24976.99,DEFRA 2024,AR6 100-year,0.392,1.18,Tier 2,Tier 2,Tier 1,1,IFRS S2,1,0
NSE-0065,Coleman-Cox,NIT,Banking & Finance,Kitui,2024,94113.14,168,17250.82,2862.75,5757.23,25870.8,26476.72,-2.29,0.2749,2.72,25167.11,26574.49,DEFRA 2024,AR6 100-year,0.392,1.18,Tier 2,Tier 2,Tier 1,1,IFRS S2,1,1
NSE-0067,Jones Francis and Anderson,CUU,Retail & FMCG,Kakamega,2024,71239.69,282,15128.39,2893.48,1567.0,19588.87,18121.85,8.1,0.275,7.92,18037.43,21140.31,DEFRA 2024,AR6 100-year,0.392,1.18,Tier 2,Tier 2,Tier 1,1,IFRS S2,1,0
NSE-0144,Norton-Watson,PHO,Technology,Machakos,2024,83664.46,268,3511.5,1270.41,544.3,5326.21,5768.98,-7.68,0.0637,7.05,4950.71,5701.71,DEFRA 2024,AR6 100-year,0.392,1.18,Tier 2,Tier 2,Tier 1,1,IFRS S2,1,1
NSE-0062,Hussain Shaw and Dale,QSI,Media,Kakamega,2024,38405.96,264,16390.21,3848.39,5680.14,25918.74,25215.94,2.79,0.6749,3.81,24931.24,26906.24,DEFRA 2024,AR6 100-year,0.392,1.18,Tier 2,Tier 2,Tier 1,1,IFRS S2,1,1
NSE-0021,Stephens Hooper and Francis,IMF,Hospitality,Kilifi,2024,24249.55,213,6386.61,1901.46,1926.36,10214.43,9936.54,2.8,0.4212,3.15,9892.68,10536.18,DEFRA 2024,AR6 100-year,0.392,1.18,Tier 2,Tier 2,Tier 1,1,IFRS S2,1,1
NSE-0145,Harris Thompson and Ashton,SAH,Media,Nairobi,2024,73038.46,73,20461.23,8925.54,7127.98,36514.75,36283.72,0.64,0.4999,2.76,35506.94,37522.56,DEFRA 2024,AR6 100-year,0.392,1.18,Tier 2,Tier 2,Tier 1,1,IFRS S2,1,1
NSE-0155,Norton-Kennedy,MYV,Hospitality,Embu,2024,60129.65,291,22533.42,11021.43,2316.9,35871.75,36646.89,-2.12,0.5966,7.08,33332.03,38411.47,DEFRA 2024,AR6 100-year,0.392,1.18,Tier 2,Tier 2,Tier 1,1,IFRS S2,1,1
NSE-0184,Barlow PLC,ZMM,Media,Nyeri,2024,84788.83,73,5172.99,1136.22,797.61,7106.82,7030.42,1.09,0.0838,2.9,6900.72,7312.92,DEFRA 2024,AR6 100-year,0.392,1.18,Tier 2,Tier 2,Tier 1,1,IFRS S2,1,0
NSE-0015,Edwards Inc,NWZ,Retail & FMCG,Eldoret,2024,44765.05,245,19867.93,2422.69,3059.26,25349.88,25883.81,-2.06,0.5663,7.15,23537.36,27162.4,DEFRA 2024,AR6 100-year,0.392,1.18,Tier 2,Tier 2,Tier 1,1,IFRS S2,1,0
NSE-0141,Brown Davis and Fisher,KRG,Hospitality,Thika,2024,83127.12,82,15109.54,5584.74,3252.34,23946.62,25855.64,-7.38,0.2881,3.59,23086.94,24806.3,DEFRA 2024,AR6 100-year,0.392,1.18,Tier 2,Tier 2,Tier 1,1,IFRS S2,1,0
NSE-0140,Baldwin-Richards,JTK,Media,Nakuru,2024,36798.83,237,2230.52,591.55,629.83,3451.9,2948.27,17.08,0.0938,3.0,3348.34,3555.46,DEFRA 2024,AR6 100-year,0.392,1.18,Tier 2,Tier 2,Tier 1,1,IFRS S2,1,0
NSE-0076,Webster Ward and Page,ITQ,Banking & Finance,Embu,2024,22594.19,137,9495.7,4150.42,1926.1,15572.22,17838.93,-12.71,0.6892,6.63,14539.78,16604.66,DEFRA 2024,AR6 100-year,0.392,1.18,Tier 2,Tier 2,Tier 1,1,IFRS S2,1,1
NSE-0080,James Wilkins and Fletcher,GLG,Agriculture,Kilifi,2024,117541.78,276,21620.82,4236.12,4523.11,30380.05,27070.82,12.22,0.2585,4.0,29164.85,31595.25,DEFRA 2024,AR6 100-year,0.392,1.18,Tier 2,Tier 2,Tier 1,1,IFRS S2,1,0
NSE-0023,Wilson and Sons,XGO,Real Estate,Embu,2024,92449.69,180,12404.84,1869.23,4271.47,18545.54,17210.87,7.75,0.2006,7.99,17063.75,20027.33,DEFRA 2024,AR6 100-year,0.392,1.18,Tier 2,Tier 2,Tier 1,1,IFRS S2,1,1
NSE-0059,Patel Group,QHP,Technology,Kilifi,2024,66588.7,70,8467.98,1364.37,725.04,10557.39,11920.44,-11.43,0.1585,5.72,9953.51,11161.27,DEFRA 2024,AR6 100-year,0.392,1.18,Tier 2,Tier 2,Tier 1,1,IFRS S2,1,0
NSE-0102,Smith-Brown,WPH,Retail & FMCG,Thika,2024,45151.65,211,5410.09,1613.39,1454.8,8478.28,7902.05,7.29,0.1878,3.46,8184.93,8771.63,DEFRA 2024,AR6 100-year,0.392,1.18,Tier 2,Tier 2,Tier 1,1,IFRS S2,1,0
NSE-0110,Khan Ltd,FMS,Hospitality,Thika,2024,72640.45,245,11123.11,1671.26,1586.95,14381.32,13293.72,8.18,0.198,4.9,13676.64,15086.0,DEFRA 2024,AR6 100-year,0.392,1.18,Tier 2,Tier 2,Tier 1,1,IFRS S2,1,0
NSE-0033,Brown-Smith,UPH,Insurance,Kilifi,2024,24130.75,294,7888.56,3897.3,1155.3,12941.16,13259.25,-2.4,0.5363,6.04,12159.51,13722.81,DEFRA 2024,AR6 100-year,0.392,1.18,Tier 2,Tier 2,Tier 1,1,IFRS S2,1,0
NSE-0179,Summers LLC,RXQ,Retail & FMCG,Mombasa,2024,3824.16,55,4606.68,1596.64,785.88,6989.2,7226.82,-3.29,1.8276,3.09,6773.23,7205.17,DEFRA 2024,AR6 100-year,0.392,1.18,Tier 2,Tier 2,Tier 1,1,IFRS S2,1,0
NSE-0074,Cole PLC,OUA,Manufacturing,Kisii,2024,28777.29,229,6140.07,3066.42,777.13,9983.62,11372.28,-12.21,0.3469,6.91,9293.75,10673.49,DEFRA 2024,AR6 100-year,0.392,1.18,Tier 2,Tier 2,Tier 1,1,IFRS S2,1,1
NSE-0165,Gregory-Thompson,DSU,Banking & Finance,Kitui,2024,22518.9,213,11557.25,5558.54,1681.4,18797.19,21728.59,-13.49,0.8347,5.44,17774.62,19819.76,DEFRA 2024,AR6 100-year,0.392,1.18,Tier 2,Tier 2,Tier 1,1,IFRS S2,1,0
NSE-0056,Wilkins LLC,TJC,Manufacturing,Kilifi,2024,19697.4,126,22065.11,6562.09,2833.01,31460.21,28097.37,11.97,1.5972,7.55,29084.96,33835.46,DEFRA 2024,AR6 100-year,0.392,1.18,Tier 2,Tier 2,Tier 1,1,IFRS S2,1,0
NSE-0036,Lewis LLC,EVU,Retail & FMCG,Nyeri,2024,15113.53,127,3279.61,677.5,662.23,4619.34,4946.29,-6.61,0.3056,6.5,4319.08,4919.6,DEFRA 2024,AR6 100-year,0.392,1.18,Tier 2,Tier 2,Tier 1,1,IFRS S2,1,0
